1,-10
2,-3
3,-3
4,-5
5,0
6,-3
7,13
8,8
9,6
10,2
11,7
12,7
13,10
14,4
15,9
16,8
17,12
18,7
19,14
20,11
21,17
22,18
23,17
24,14
25,18
26,17
27,16
28,18
29,16
30,15
31,16
32,16
33,19
34,21
35,18
36,21
37,20
38,20
39,20
40,22
41,21
42,23
43,23
44,24
45,27
46,24
47,25
48,24
49,26
50,26
51,25
52,25
53,26
54,26
55,27
56,28
57,28
58,28
59,28
60,29
61,29
62,29
63,28
64,28
65,31
66,31
67,28
68,30
69,29
70,29
71,30
72,30
73,30
74,29
75,29
76,30
77,30
78,30
79,31
80,31
81,30
82,30
83,30
84,31
85,31
86,32
87,32
88,31
89,31
90,31
91,31
92,31
93,32
94,31
95,32
96,32
97,32
98,32
99,32
100,32
101,32
102,32
103,32
104,32
105,32
106,32
107,34
108,35
109,35
110,34
111,35
112,34
113,33
114,33
115,34
116,35
117,35
118,35
119,36
120,35
121,36
122,35
123,34
124,36
125,35
126,36
127,35
128,35
129,36
130,35
131,34
132,35
133,36
134,37
135,37
136,36
137,37
138,36
139,36
140,36
141,36
142,35
143,36
144,36
145,36
146,36
147,37
148,37
149,37
150,37
151,36
152,36
153,37
154,37
155,37
156,37
157,37
158,37
159,37
160,37
161,37
162,37
163,37
164,37
165,38
166,38
167,37
168,37
169,37
170,37
171,37
172,37
173,37
174,37
175,37
176,37
177,37
178,37
179,37
180,37
181,36
182,37
183,37
184,38
185,38
186,38
187,38
188,38
189,38
190,38
191,38
192,38
193,38
194,38
195,38
196,38
197,38
198,38
199,38
200,38
201,38
202,38
203,38
204,38
205,38
206,38
207,38
208,38
209,38
210,38
211,38
212,38
213,38
214,38
215,38
216,38
217,38
218,38
219,38
220,38
221,38
222,38
223,38
224,38
225,38
226,38
227,38
228,38
229,38
230,38
231,38
232,38
233,38
234,38
235,38
236,38
237,38
238,38
239,38
240,38
241,38
242,38
243,38
244,38
245,38
246,38
247,38
248,38
249,38
250,38
251,38
252,38
253,38
254,38
255,38
256,38
257,38
258,38
259,38
260,38
261,38
262,38
263,38
264,38
265,38
266,38
267,38
268,38
269,38
270,38
271,38
272,38
273,38
274,38
275,38
276,38
277,38
278,38
279,38
280,38
281,38
282,38
283,38
284,38
285,38
286,38
287,38
288,38
289,38
290,38
291,38
292,38
293,38
294,38
295,38
296,38
297,38
298,38
299,38
300,38
301,38
302,38
303,38
304,38
305,38
306,38
307,38
308,38
309,38
310,38
311,38
312,38
313,38
314,38
315,38
316,38
317,38
318,38
319,38
320,38
321,38
322,38
323,38
324,38
325,38
326,38
327,38
328,38
329,38
330,38
331,38
332,38
333,38
334,38
335,38
336,38
337,38
338,38
339,38
340,38
341,38
342,38
343,38
344,38
345,38
346,38
347,38
348,38
349,38
350,38
351,38
352,38
353,38
354,38
355,38
356,38
357,38
358,38
359,38
360,38
361,38
362,38
363,38
364,38
365,38
366,38
367,38
368,38
369,38
370,38
371,38
372,38
373,38
374,38
375,38
376,38
377,38
378,38
379,38
380,38
381,38
382,37
383,38
384,38
385,38
386,37
387,38
388,38
389,38
390,38
391,38
392,38
393,38
394,38
395,37
396,38
397,38
398,38
399,38
400,38
401,38
402,38
403,38
404,38
405,38
406,38
407,38
408,38
409,38
410,38
411,38
412,38
413,38
414,38
415,38
416,38
417,38
418,38
419,38
420,38
421,37
422,38
423,38
424,38
425,38
426,38
427,38
428,38
429,38
430,38
431,38
432,38
433,38
434,38
435,38
436,38
437,38
438,38
439,38
440,38
441,38
442,38
443,38
444,38
445,38
446,38
447,38
448,38
449,38
450,38
451,38
452,38
453,38
454,38
455,38
456,38
457,38
458,38
459,38
460,38
461,38
462,38
463,38
464,38
465,38
466,38
467,38
468,38
469,38
470,38
471,38
472,38
473,38
474,38
475,38
476,38
477,38
478,38
479,38
480,38
481,38
482,38
483,38
484,38
485,38
486,38
487,38
488,38
489,38
490,38
491,38
492,38
493,38
494,38
495,38
496,38
497,38
498,38
499,38
500,38
501,38
502,37
503,38
504,38
505,38
506,38
507,38
508,38
509,38
510,38
511,38
512,38
513,38
514,38
515,38
516,38
517,38
518,38
519,38
520,38
521,38
522,38
523,38
524,38
525,38
526,38
527,38
528,38
529,38
530,38
531,38
532,38
533,38
534,38
535,38
536,38
537,38
538,38
539,38
540,38
541,38
542,38
543,38
544,38
545,38
546,38
547,38
548,38
549,38
550,38
551,38
552,38
553,38
554,38
555,38
556,38
557,38
558,38
559,38
560,38
561,38
562,38
563,38
564,38
565,38
566,38
567,38
568,38
569,38
570,38
571,38
572,38
573,38
574,38
575,38
576,38
577,38
578,38
579,38
580,38
581,38
582,38
583,38
584,38
585,38
586,38
587,38
588,38
589,38
590,38
591,38
592,38
593,38
594,38
595,38
596,38
597,38
598,38
599,38
600,38
601,38
602,38
603,38
604,38
605,38
606,38
607,38
608,38
609,38
610,38
611,38
612,38
613,38
614,38
615,38
616,38
617,38
618,38
619,38
620,38
621,38
622,38
623,38
624,38
625,38
626,38
627,38
628,38
629,38
630,38
631,38
632,38
633,38
634,38
635,38
636,38
637,38
638,38
639,38
640,38
641,38
642,38
643,38
644,38
645,38
646,38
647,38
648,38
649,38
650,38
651,38
652,38
653,38
654,38
655,38
656,38
657,38
658,38
659,38
660,38
661,38
662,38
663,38
664,38
665,38
666,38
667,38
668,38
669,38
670,38
671,38
672,38
673,38
674,38
675,38
676,38
677,38
678,38
679,38
680,38
681,38
682,38
683,38
684,38
685,38
686,38
687,38
688,38
689,38
690,38
691,38
692,38
693,38
694,38
695,38
696,38
697,38
698,38
699,38
700,38
701,38
702,38
703,38
704,38
705,38
706,38
707,38
708,38
709,38
710,38
711,38
712,38
713,38
714,38
715,38
716,38
717,38
718,38
719,38
720,38
721,38
722,38
723,38
724,38
725,38
726,38
727,38
728,38
729,38
730,38
731,38
732,38
733,38
734,38
735,38
736,38
737,38
738,38
739,38
740,38
741,38
742,38
743,38
744,38
745,38
746,38
747,38
748,38
749,38
750,38
751,38
752,38
753,38
754,38
755,38
756,38
757,38
758,38
759,38
760,38
761,38
762,38
763,38
764,38
765,38
766,38
767,38
768,38
769,38
770,38
771,38
772,38
773,38
774,38
775,38
776,38
777,38
778,38
779,38
780,38
781,38
782,38
783,38
784,38
785,38
786,38
787,38
788,38
789,38
790,38
791,38
792,38
793,38
794,38
795,38
796,38
797,38
798,38
799,38
800,38
801,38
802,38
803,38
804,38
805,38
806,38
807,38
808,38
809,39
810,39
811,39
812,39
813,39
814,39
815,39
816,39
817,39
818,39
819,39
820,39
821,39
822,39
823,39
824,39
825,39
826,39
827,39
828,39
829,39
830,39
831,39
832,39
833,39
834,39
835,39
836,39
837,39
838,39
839,39
840,39
841,39
842,39
843,39
844,39
845,39
846,39
847,39
848,39
849,39
850,39
851,39
852,39
853,39
854,39
855,39
856,39
857,39
858,39
859,39
860,39
861,39
862,39
863,39
864,39
865,39
866,39
867,39
868,39
869,39
870,39
871,39
872,39
873,39
874,39
875,39
876,39
877,39
878,39
879,39
880,39
881,39
882,39
883,39
884,39
885,39
886,39
887,39
888,39
889,39
890,39
891,39
892,39
893,39
894,39
895,39
896,39
897,39
898,39
899,39
900,39
901,39
902,39
903,39
904,39
905,39
906,39
907,39
908,39
909,39
910,39
911,39
912,39
913,39
914,39
915,39
916,39
917,39
918,39
919,39
920,39
921,39
922,39
923,39
924,39
925,39
926,39
927,39
928,39
929,39
930,39
931,39
932,39
933,39
934,39
935,39
936,39
937,39
938,39
939,39
940,39
941,39
942,39
943,39
944,39
945,39
946,39
947,39
948,39
949,39
950,39
951,39
952,39
953,39
954,39
955,39
956,39
957,39
958,39
959,39
960,39
961,39
962,39
963,39
964,39
965,39
966,39
967,39
968,39
969,39
970,39
971,39
972,39
973,39
974,39
975,39
976,39
977,39
978,39
979,39
980,39
981,39
982,39
983,39
984,39
985,39
986,39
987,39
988,39
989,39
990,39
991,39
992,39
993,39
994,39
995,39
996,39
997,39
998,39
999,39
1000,39
1001,39
1002,39
1003,39
1004,39
1005,39
1006,39
1007,39
1008,39
1009,39
1010,39
1011,39
1012,39
1013,39
1014,39
1015,39
1016,39
1017,39
1018,39
1019,39
1020,39
1021,39
1022,39
1023,39
1024,39
1025,39
1026,39
1027,39
1028,39
1029,39
1030,39
1031,39
1032,39
1033,39
1034,39
1035,39
1036,39
1037,40
1038,39
1039,39
1040,39
1041,39
1042,39
1043,39
1044,39
1045,39
1046,39
1047,39
1048,39
1049,39
1050,39
1051,39
1052,39
1053,39
1054,39
1055,39
1056,39
1057,39
1058,40
1059,40
1060,40
1061,39
1062,39
1063,39
1064,39
1065,39
1066,39
1067,39
1068,39
1069,39
1070,39
1071,39
1072,39
1073,39
1074,39
1075,39
1076,39
1077,39
1078,39
1079,39
1080,39
1081,39
1082,39
1083,39
1084,39
1085,39
1086,39
1087,39
1088,39
1089,39
1090,39
1091,39
1092,39
1093,39
1094,39
1095,39
1096,39
1097,39
1098,39
1099,39
1100,39
1101,39
1102,39
1103,39
1104,39
1105,39
1106,39
1107,39
1108,39
1109,39
1110,39
1111,39
1112,39
1113,39
1114,39
1115,39
1116,39
1117,39
1118,39
1119,39
1120,39
1121,39
1122,39
1123,39
1124,39
1125,39
1126,39
1127,39
1128,39
1129,39
1130,39
1131,39
1132,39
1133,39
1134,39
1135,39
1136,39
1137,39
1138,39
1139,39
1140,39
1141,39
1142,39
1143,39
1144,39
1145,39
1146,39
1147,39
1148,39
1149,39
1150,39
1151,39
1152,39
1153,39
1154,39
1155,39
1156,39
1157,39
1158,39
1159,39
1160,39
1161,39
1162,39
1163,39
1164,39
1165,39
1166,39
1167,39
1168,39
1169,39
1170,39
1171,39
1172,39
1173,39
1174,39
1175,39
1176,39
1177,39
1178,39
1179,39
1180,39
1181,39
1182,39
1183,39
1184,39
1185,39
1186,39
1187,39
1188,39
1189,39
1190,39
1191,39
1192,39
1193,39
1194,39
1195,39
1196,39
1197,39
1198,39
1199,39
1200,39
1201,39
1202,39
1203,39
1204,39
1205,39
1206,39
1207,39
1208,39
1209,39
1210,39
1211,39
1212,39
1213,39
1214,39
1215,39
1216,39
1217,39
1218,39
1219,39
1220,39
1221,39
1222,39
1223,39
1224,39
1225,39
1226,39
1227,39
1228,39
1229,39
1230,39
1231,39
1232,39
1233,39
1234,39
1235,39
1236,39
1237,39
1238,39
1239,39
1240,39
1241,39
1242,39
1243,39
1244,39
1245,39
1246,39
1247,39
1248,39
1249,39
1250,39
1251,39
1252,39
1253,39
1254,39
1255,39
1256,39
1257,39
1258,39
1259,39
1260,39
1261,39
1262,39
1263,39
1264,39
1265,39
1266,39
1267,39
1268,39
1269,39
1270,39
1271,39
1272,39
1273,39
1274,39
1275,39
1276,39
1277,39
1278,39
1279,39
1280,39
1281,39
1282,39
1283,39
1284,39
1285,39
1286,39
1287,39
1288,39
1289,39
1290,39
1291,39
1292,39
1293,39
1294,39
1295,39
1296,39
1297,39
1298,39
1299,39
1300,39
1301,39
1302,39
1303,39
1304,39
1305,39
1306,39
1307,39
1308,39
1309,39
1310,39
1311,39
1312,39
1313,39
1314,39
1315,39
1316,39
1317,39
1318,39
1319,39
1320,39
1321,39
1322,39
1323,39
1324,39
1325,39
1326,39
1327,39
1328,39
1329,39
1330,39
1331,39
1332,39
1333,39
1334,39
1335,39
1336,39
1337,39
1338,39
1339,39
1340,39
1341,39
1342,39
1343,39
1344,39
1345,39
1346,39
1347,39
1348,39
1349,39
1350,39
1351,39
1352,39
1353,39
1354,39
1355,39
1356,39
1357,39
1358,39
1359,39
1360,39
1361,39
1362,39
1363,39
1364,39
1365,39
1366,39
1367,39
1368,39
1369,39
1370,39
1371,39
1372,39
1373,39
1374,39
1375,39
1376,39
1377,39
1378,39
1379,39
1380,39
1381,39
1382,39
1383,39
1384,39
1385,39
1386,39
1387,39
1388,39
1389,39
1390,39
1391,39
1392,39
1393,39
1394,39
1395,39
1396,39
1397,39
1398,39
1399,39
1400,39
1401,39
1402,39
1403,39
1404,39
1405,39
1406,39
1407,39
1408,39
1409,39
1410,39
1411,39
1412,39
1413,39
1414,39
1415,39
1416,39
1417,39
1418,39
1419,38
1420,39
1421,39
1422,39
1423,39
1424,39
1425,39
1426,39
1427,39
1428,39
1429,39
1430,39
1431,39
1432,39
1433,39
1434,39
1435,39
1436,39
1437,39
1438,39
1439,39
1440,39
1441,39
1442,39
1443,39
1444,39
1445,39
1446,39
1447,39
1448,39
1449,39
1450,39
1451,39
1452,39
1453,39
1454,39
1455,39
1456,39
1457,39
1458,39
1459,39
1460,39
1461,39
1462,39
1463,39
1464,39
1465,39
1466,39
1467,39
1468,39
1469,39
1470,39
1471,39
1472,39
1473,39
1474,39
1475,39
1476,39
1477,39
1478,39
1479,39
1480,39
1481,39
1482,39
1483,39
1484,39
1485,39
1486,39
1487,39
1488,39
1489,39
1490,39
1491,39
1492,39
1493,39
1494,39
1495,39
1496,39
1497,39
1498,39
1499,39
1500,39
1501,39
1502,39
1503,39
1504,39
1505,39
1506,39
1507,39
1508,39
1509,39
1510,39
1511,39
1512,39
1513,39
1514,39
1515,39
1516,40
1517,40
1518,39
1519,39
1520,39
1521,39
1522,39
1523,39
1524,39
1525,39
1526,39
1527,39
1528,39
1529,39
1530,39
1531,39
1532,39
1533,39
1534,39
1535,39
1536,39
1537,39
1538,39
1539,39
1540,39
1541,39
1542,39
1543,39
1544,39
1545,39
1546,39
1547,39
1548,39
1549,39
1550,39
1551,39
1552,39
1553,39
1554,39
1555,39
1556,39
1557,39
1558,39
1559,39
1560,39
1561,39
1562,39
1563,39
1564,39
1565,39
1566,39
1567,39
1568,39
1569,39
1570,39
1571,39
1572,39
1573,39
1574,39
1575,39
1576,39
1577,39
1578,39
1579,39
1580,39
1581,39
1582,39
1583,39
1584,39
1585,39
1586,39
1587,39
1588,39
1589,39
1590,39
1591,39
1592,39
1593,39
1594,39
1595,39
1596,39
1597,39
1598,39
1599,39
1600,39
1601,39
1602,39
1603,39
1604,39
1605,39
1606,39
1607,39
1608,39
1609,39
1610,39
1611,39
1612,39
1613,39
1614,39
1615,39
1616,39
1617,39
1618,39
1619,39
1620,39
1621,39
1622,39
1623,39
1624,39
1625,39
1626,39
1627,39
1628,39
1629,39
1630,39
1631,39
1632,39
1633,39
1634,39
1635,39
1636,39
1637,39
1638,39
1639,39
1640,39
1641,39
1642,39
1643,39
1644,39
1645,39
1646,39
1647,39
1648,39
1649,39
1650,39
1651,39
1652,39
1653,39
1654,39
1655,39
1656,39
1657,39
1658,39
1659,39
1660,39
1661,39
1662,39
1663,39
1664,39
1665,39
1666,39
1667,39
1668,39
1669,39
1670,39
1671,39
1672,39
1673,39
1674,39
1675,39
1676,39
1677,39
1678,39
1679,39
1680,39
1681,39
1682,39
1683,39
1684,39
1685,39
1686,39
1687,39
1688,39
1689,39
1690,39
1691,39
1692,39
1693,39
1694,39
1695,39
1696,39
1697,39
1698,39
1699,39
1700,39
1701,39
1702,39
1703,39
1704,39
1705,39
1706,39
1707,39
1708,39
1709,39
1710,39
1711,39
1712,39
1713,39
1714,39
1715,39
1716,39
1717,39
1718,39
1719,39
1720,39
1721,39
1722,39
1723,39
1724,39
1725,39
1726,39
1727,39
1728,39
1729,39
1730,39
1731,39
1732,39
1733,39
1734,39
1735,39
1736,39
1737,39
1738,39
1739,39
1740,39
1741,39
1742,39
1743,39
1744,39
1745,39
1746,39
1747,39
1748,39
1749,39
1750,39
1751,39
1752,39
1753,39
1754,39
1755,39
1756,39
1757,39
1758,39
1759,39
1760,39
1761,39
1762,39
1763,39
1764,39
1765,39
1766,39
1767,39
1768,39
1769,39
1770,39
1771,39
1772,39
1773,39
1774,39
1775,39
1776,39
1777,39
1778,39
1779,39
1780,39
1781,39
1782,39
1783,39
1784,39
1785,39
1786,39
1787,39
1788,39
1789,39
1790,39
1791,39
1792,39
1793,39
1794,39
1795,39
1796,39
1797,39
1798,39
1799,39
1800,39
1801,39
1802,39
1803,39
1804,39
1805,39
1806,39
1807,39
1808,39
1809,39
1810,39
1811,39
1812,39
1813,39
1814,39
1815,39
1816,39
1817,39
1818,39
1819,39
1820,39
1821,39
1822,39
1823,39
1824,39
1825,39
1826,39
1827,39
1828,39
1829,39
1830,39
1831,39
1832,39
1833,39
1834,39
1835,39
1836,39
1837,39
1838,39
1839,39
1840,39
1841,39
1842,39
1843,39
1844,39
1845,39
1846,39
1847,39
1848,39
1849,39
1850,39
1851,39
1852,39
1853,39
1854,39
1855,39
1856,39
1857,39
1858,39
1859,39
1860,39
1861,39
1862,39
1863,39
1864,39
1865,39
1866,39
1867,39
1868,39
1869,39
1870,39
1871,39
1872,39
1873,39
1874,39
1875,39
1876,39
1877,39
1878,39
1879,39
1880,39
1881,39
1882,39
1883,39
1884,39
1885,39
1886,39
1887,39
1888,39
1889,39
1890,39
1891,39
1892,39
1893,39
1894,39
1895,39
1896,39
1897,39
1898,39
1899,39
1900,39
1901,39
1902,39
1903,39
1904,39
1905,39
1906,39
1907,39
1908,39
1909,39
1910,39
1911,39
1912,39
1913,39
1914,39
1915,39
1916,39
1917,39
1918,39
1919,39
1920,39
1921,39
1922,39
1923,39
1924,39
1925,39
1926,39
1927,39
1928,39
1929,39
1930,39
1931,39
1932,39
1933,39
1934,39
1935,39
1936,39
1937,39
1938,39
1939,39
1940,39
1941,39
1942,39
1943,39
1944,39
1945,39
1946,39
1947,39
1948,39
1949,39
1950,39
1951,39
1952,39
1953,39
1954,39
1955,39
1956,38
1957,39
1958,39
1959,39
1960,39
1961,39
1962,39
1963,39
1964,39
1965,39
1966,39
1967,39
1968,39
1969,39
1970,39
1971,39
1972,39
1973,39
1974,39
1975,39
1976,39
1977,39
1978,39
1979,39
1980,39
1981,39
1982,39
1983,39
1984,39
1985,39
1986,39
1987,39
1988,39
1989,39
1990,39
1991,39
1992,39
1993,39
1994,39
1995,39
1996,39
1997,39
1998,39
1999,39
2000,39
2001,39
2002,39
2003,39
2004,39
2005,39
2006,39
2007,39
2008,39
2009,39
2010,39
2011,39
2012,39
2013,39
2014,39
2015,39
2016,39
2017,39
2018,39
2019,39
2020,39
2021,39
2022,39
2023,39
2024,39
2025,39
2026,39
2027,39
2028,39
2029,39
2030,39
2031,39
2032,39
2033,39
2034,39
2035,39
2036,39
2037,39
2038,39
2039,39
2040,39
2041,39
2042,39
2043,39
2044,39
2045,39
2046,39
2047,39
2048,39
2049,39
2050,39
2051,39
2052,39
2053,39
2054,39
2055,39
2056,39
2057,39
2058,39
2059,39
2060,39
2061,39
2062,39
2063,39
2064,39
2065,39
2066,39
2067,39
2068,39
2069,39
2070,39
2071,39
2072,39
2073,39
2074,39
2075,39
2076,39
2077,39
2078,39
2079,39
2080,39
2081,39
2082,39
2083,39
2084,39
2085,39
2086,39
2087,39
2088,39
2089,39
2090,39
2091,39
2092,39
2093,39
2094,39
2095,39
2096,39
2097,39
2098,39
2099,39
2100,39
2101,39
2102,39
2103,39
2104,39
2105,39
2106,39
2107,39
2108,39
2109,39
2110,39
2111,39
2112,39
2113,39
2114,39
2115,39
2116,39
2117,39
2118,39
2119,39
2120,39
2121,39
2122,39
2123,39
2124,39
2125,39
2126,39
2127,39
2128,39
2129,39
2130,39
2131,39
2132,39
2133,39
2134,39
2135,39
2136,39
2137,39
2138,39
2139,39
2140,39
2141,39
2142,39
2143,39
2144,39
2145,39
2146,39
2147,39
2148,39
2149,39
2150,39
2151,39
2152,39
2153,39
2154,39
2155,39
2156,39
2157,39
2158,39
2159,39
2160,39
2161,39
2162,39
2163,39
2164,39
2165,39
2166,39
2167,39
2168,39
2169,39
2170,39
2171,39
2172,39
2173,39
2174,39
2175,39
2176,39
2177,39
2178,39
2179,39
2180,39
2181,39
2182,39
2183,39
2184,39
2185,39
2186,39
2187,39
2188,39
2189,39
2190,39
2191,39
2192,39
2193,39
2194,39
2195,39
2196,39
2197,39
2198,39
2199,39
2200,39
2201,39
2202,39
2203,39
2204,39
2205,39
2206,39
2207,39
2208,39
2209,39
2210,39
2211,39
2212,39
2213,39
2214,39
2215,39
2216,39
2217,39
2218,39
2219,39
2220,39
2221,39
2222,39
2223,39
2224,39
2225,39
2226,39
2227,39
2228,39
2229,39
2230,39
2231,39
2232,39
2233,39
2234,39
2235,39
2236,39
2237,39
2238,39
2239,39
2240,39
2241,39
2242,39
2243,39
2244,39
2245,39
2246,39
2247,39
2248,39
2249,39
2250,39
2251,39
2252,39
2253,39
2254,39
2255,39
2256,39
2257,39
2258,39
2259,39
2260,39
2261,39
2262,39
2263,39
2264,39
2265,39
2266,39
2267,39
2268,39
2269,39
2270,39
2271,39
2272,39
2273,39
2274,39
2275,39
2276,39
2277,39
2278,39
2279,39
2280,39
2281,39
2282,39
2283,39
2284,39
2285,39
2286,39
2287,39
2288,39
2289,39
2290,39
2291,39
2292,39
2293,39
2294,39
2295,39
2296,39
2297,39
2298,39
2299,39
2300,39
2301,39
2302,39
2303,39
2304,39
2305,39
2306,39
2307,39
2308,39
2309,39
2310,39
2311,39
2312,39
2313,39
2314,39
2315,39
2316,39
2317,39
2318,39
2319,39
2320,39
2321,39
2322,39
2323,39
2324,39
2325,39
2326,39
2327,39
2328,39
2329,39
2330,39
2331,39
2332,39
2333,39
2334,39
2335,39
2336,39
2337,39
2338,39
2339,39
2340,39
2341,39
2342,39
2343,39
2344,39
2345,39
2346,39
2347,39
2348,39
2349,39
2350,39
2351,39
2352,39
2353,39
2354,39
2355,39
2356,39
2357,39
2358,39
2359,39
2360,39
2361,39
2362,39
2363,39
2364,39
2365,39
2366,39
2367,39
2368,39
2369,39
2370,39
2371,39
2372,39
2373,39
2374,39
2375,39
2376,39
2377,39
2378,39
2379,39
2380,39
2381,39
2382,39
2383,39
2384,39
2385,39
2386,39
2387,39
2388,39
2389,39
2390,39
2391,39
2392,39
2393,39
2394,39
2395,39
2396,39
2397,39
2398,39
2399,39
2400,39
2401,39
2402,39
2403,39
2404,39
2405,39
2406,39
2407,39
2408,39
2409,39
2410,39
2411,39
2412,39
2413,39
2414,39
2415,39
2416,39
2417,39
2418,39
2419,39
2420,39
2421,39
2422,39
2423,39
2424,39
2425,39
2426,39
2427,39
2428,39
2429,39
2430,39
2431,39
2432,39
2433,39
2434,39
2435,39
2436,39
2437,39
2438,39
2439,39
2440,39
2441,39
2442,39
2443,39
2444,39
2445,39
2446,39
2447,39
2448,39
2449,39
2450,39
2451,39
2452,39
2453,39
2454,39
2455,39
2456,39
2457,39
2458,39
2459,39
2460,39
2461,39
2462,39
2463,39
2464,39
2465,39
2466,39
2467,39
2468,39
2469,39
2470,39
2471,39
2472,39
2473,39
2474,39
2475,39
2476,39
2477,39
2478,39
2479,39
2480,39
2481,39
2482,39
2483,39
2484,39
2485,39
2486,39
2487,39
2488,39
2489,39
2490,39
2491,39
2492,39
2493,39
2494,39
2495,39
2496,39
2497,39
2498,39
2499,39
2500,39
2501,39
2502,39
2503,39
2504,39
2505,39
2506,39
2507,39
2508,39
2509,39
2510,39
2511,39
2512,39
2513,39
2514,39
2515,39
2516,39
2517,39
2518,39
2519,39
2520,39
2521,39
2522,39
2523,39
2524,39
2525,39
2526,39
2527,39
2528,39
2529,39
2530,39
2531,39
2532,39
2533,39
2534,39
2535,39
2536,39
2537,39
2538,39
2539,39
2540,39
2541,39
2542,39
2543,39
2544,39
2545,39
2546,39
2547,39
2548,39
2549,39
2550,39
2551,39
2552,39
2553,39
2554,39
2555,39
2556,39
2557,39
2558,39
2559,39
2560,39
2561,39
2562,39
2563,39
2564,39
2565,39
2566,39
2567,39
2568,39
2569,39
2570,39
2571,39
2572,39
2573,39
2574,39
2575,39
2576,39
2577,39
2578,39
2579,39
2580,39
2581,39
2582,39
2583,39
2584,39
2585,39
2586,39
2587,39
2588,39
2589,39
2590,39
2591,39
2592,39
2593,39
2594,39
2595,39
2596,39
2597,39
2598,39
2599,39
2600,39
2601,39
2602,39
2603,39
2604,39
2605,39
2606,39
2607,39
2608,39
2609,39
2610,39
2611,39
2612,39
2613,39
2614,39
2615,39
2616,39
2617,39
2618,39
2619,39
2620,39
2621,39
2622,39
2623,39
2624,39
2625,39
2626,39
2627,39
2628,39
2629,39
2630,39
2631,39
2632,39
2633,39
2634,39
2635,39
2636,39
2637,39
2638,39
2639,39
2640,39
2641,39
2642,39
2643,39
2644,39
2645,39
2646,39
2647,39
2648,39
2649,39
2650,39
2651,39
2652,39
2653,39
2654,39
2655,39
2656,39
2657,39
2658,39
2659,39
2660,39
2661,39
2662,39
2663,39
2664,39
2665,39
2666,39
2667,39
2668,39
2669,39
2670,39
2671,39
2672,39
2673,39
2674,39
2675,39
2676,39
2677,39
2678,39
2679,39
2680,39
2681,39
2682,39
2683,39
2684,39
2685,39
2686,39
2687,39
2688,39
2689,39
2690,39
2691,39
2692,39
2693,39
2694,39
2695,39
2696,39
2697,39
2698,39
2699,39
2700,39
2701,39
2702,39
2703,39
2704,39
2705,39
2706,39
2707,39
2708,39
2709,39
2710,39
2711,39
2712,39
2713,39
2714,39
2715,39
2716,39
2717,39
2718,39
2719,39
2720,39
2721,39
2722,39
2723,39
2724,39
2725,39
2726,39
2727,39
2728,39
2729,39
2730,39
2731,39
2732,39
2733,39
2734,39
2735,39
2736,39
2737,39
2738,39
2739,39
2740,39
2741,39
2742,39
2743,39
2744,39
2745,39
2746,39
2747,39
2748,39
2749,39
2750,39
2751,39
2752,39
2753,39
2754,39
2755,39
2756,39
2757,39
2758,39
2759,39
2760,39
2761,39
2762,39
2763,39
2764,39
2765,39
2766,39
2767,39
2768,39
2769,39
2770,39
2771,39
2772,39
2773,39
2774,39
2775,39
2776,39
2777,39
2778,39
2779,39
2780,39
2781,39
2782,39
2783,39
2784,39
2785,39
2786,39
2787,39
2788,39
2789,39
2790,39
2791,39
2792,39
2793,39
2794,39
2795,39
2796,39
2797,39
2798,39
2799,39
2800,39
2801,39
2802,39
2803,39
2804,39
2805,39
2806,39
2807,39
2808,39
2809,39
2810,39
2811,39
2812,39
2813,39
2814,39
2815,39
2816,39
2817,39
2818,39
2819,39
2820,39
2821,39
2822,39
2823,39
2824,39
2825,39
2826,39
2827,39
2828,39
2829,39
2830,39
2831,39
2832,39
2833,39
2834,39
2835,39
2836,39
2837,39
2838,39
2839,39
2840,39
2841,39
2842,39
2843,39
2844,39
2845,39
2846,39
2847,39
2848,39
2849,39
2850,39
2851,39
2852,39
2853,39
2854,39
2855,39
2856,39
2857,39
2858,39
2859,39
2860,39
2861,39
2862,39
2863,39
2864,39
2865,39
2866,39
2867,39
2868,39
2869,39
2870,39
2871,39
2872,39
2873,39
2874,39
2875,39
2876,39
2877,39
2878,39
2879,39
2880,39
2881,39
2882,39
2883,39
2884,39
2885,39
2886,39
2887,39
2888,39
2889,39
2890,39
2891,39
2892,39
2893,39
2894,39
2895,39
2896,39
2897,39
2898,39
2899,39
2900,39
2901,39
2902,39
2903,39
2904,39
2905,39
2906,39
2907,39
2908,39
2909,39
2910,39
2911,39
2912,39
2913,39
2914,39
2915,39
2916,39
2917,39
2918,39
2919,39
2920,39
2921,39
2922,39
2923,39
2924,39
2925,39
2926,39
2927,39
2928,39
2929,39
2930,39
2931,39
2932,39
2933,39
2934,39
2935,39
2936,39
2937,39
2938,39
2939,39
2940,39
2941,39
2942,39
2943,39
2944,39
2945,39
2946,39
2947,39
2948,39
2949,39
2950,39
2951,39
2952,39
2953,39
2954,39
2955,39
2956,39
2957,39
2958,39
2959,39
2960,39
2961,39
2962,39
2963,39
2964,39
2965,39
2966,39
2967,39
2968,39
2969,39
2970,39
2971,39
2972,39
2973,39
2974,39
2975,39
2976,39
2977,39
2978,39
2979,39
2980,39
2981,39
2982,39
2983,39
2984,39
2985,39
2986,39
2987,39
2988,39
2989,39
2990,39
2991,39
2992,39
2993,39
2994,39
2995,39
2996,39
2997,39
2998,39
2999,39
3000,39
3001,39
3002,39
3003,39
3004,39
3005,39
3006,39
3007,39
3008,39
3009,39
3010,39
3011,39
3012,39
3013,39
3014,39
3015,39
3016,39
3017,39
3018,39
3019,39
3020,39
3021,39
3022,39
3023,39
3024,39
3025,39
3026,39
3027,39
3028,39
3029,39
3030,39
3031,39
3032,39
3033,39
3034,39
3035,39
3036,39
3037,39
3038,39
3039,39
3040,39
3041,39
3042,39
3043,39
3044,39
3045,39
3046,39
3047,39
3048,39
3049,39
3050,39
3051,39
3052,39
3053,39
3054,39
3055,39
3056,39
3057,39
3058,39
3059,39
3060,39
3061,39
3062,39
3063,39
3064,39
3065,39
3066,39
3067,39
3068,39
3069,39
3070,39
3071,39
3072,39
3073,39
3074,39
3075,39
3076,39
3077,39
3078,39
3079,39
3080,39
3081,39
3082,39
3083,39
3084,39
3085,39
3086,39
3087,39
3088,39
3089,39
3090,39
3091,39
3092,39
3093,39
3094,39
3095,39
3096,39
3097,39
3098,39
3099,39
3100,39
3101,39
3102,39
3103,39
3104,39
3105,39
3106,39
3107,39
3108,39
3109,39
3110,39
3111,39
3112,39
3113,39
3114,39
3115,39
3116,39
3117,39
3118,39
3119,39
3120,39
3121,39
3122,39
3123,39
3124,39
3125,39
3126,39
3127,39
3128,39
3129,39
3130,39
3131,39
3132,39
3133,39
3134,39
3135,39
3136,39
3137,39
3138,39
3139,39
3140,39
3141,39
3142,39
3143,39
3144,39
3145,39
3146,39
3147,39
3148,39
3149,39
3150,39
3151,39
3152,39
3153,39
3154,39
3155,39
3156,39
3157,39
3158,39
3159,39
3160,39
3161,39
3162,39
3163,39
3164,39
3165,39
3166,39
3167,39
3168,39
3169,39
3170,39
3171,39
3172,39
3173,39
3174,39
3175,39
3176,39
3177,39
3178,39
3179,39
3180,39
3181,39
3182,39
3183,39
3184,39
3185,39
3186,39
3187,39
3188,39
3189,39
3190,39
3191,39
3192,39
3193,39
3194,39
3195,39
3196,39
3197,39
3198,39
3199,39
3200,39
3201,39
3202,39
3203,39
3204,39
3205,39
3206,39
3207,39
3208,39
3209,39
3210,39
3211,39
3212,39
3213,39
3214,39
3215,39
3216,39
3217,39
3218,39
3219,39
3220,39
3221,39
3222,39
3223,39
3224,39
3225,39
3226,39
3227,39
3228,39
3229,39
3230,39
3231,39
3232,39
3233,39
3234,39
3235,39
3236,39
3237,39
3238,39
3239,39
3240,39
3241,39
3242,39
3243,39
3244,39
3245,39
3246,39
3247,39
3248,39
3249,39
3250,39
3251,39
3252,39
3253,39
3254,39
3255,39
3256,39
3257,39
3258,39
3259,39
3260,39
3261,39
3262,39
3263,39
3264,39
3265,39
3266,39
3267,39
3268,39
3269,39
3270,39
3271,39
3272,39
3273,39
3274,39
3275,39
3276,39
3277,39
3278,39
3279,39
3280,39
3281,39
3282,39
3283,39
3284,39
3285,39
3286,39
3287,39
3288,39
3289,39
3290,39
3291,39
3292,39
3293,39
3294,39
3295,39
3296,39
3297,39
3298,39
3299,39
3300,39
3301,39
3302,39
3303,39
3304,39
3305,39
3306,39
3307,39
3308,39
3309,39
3310,39
3311,39
3312,39
3313,39
3314,39
3315,39
3316,39
3317,39
3318,39
3319,39
3320,39
3321,39
3322,39
3323,39
3324,39
3325,39
3326,39
3327,39
3328,39
3329,39
3330,39
3331,39
3332,39
3333,39
3334,39
3335,39
3336,39
3337,39
3338,39
3339,39
3340,39
3341,39
3342,39
3343,39
3344,39
3345,39
3346,39
3347,39
3348,39
3349,39
3350,39
3351,39
3352,39
3353,39
3354,39
3355,39
3356,39
3357,39
3358,39
3359,39
3360,39
3361,39
3362,39
3363,39
3364,39
3365,39
3366,39
3367,39
3368,39
3369,39
3370,39
3371,39
3372,39
3373,39
3374,39
3375,39
3376,39
3377,39
3378,39
3379,39
3380,39
3381,39
3382,39
3383,39
3384,39
3385,39
3386,39
3387,39
3388,39
3389,39
3390,39
3391,39
3392,39
3393,40
3394,39
3395,39
3396,40
3397,40
3398,39
3399,40
3400,39
3401,39
3402,39
3403,39
3404,39
3405,39
3406,39
3407,39
3408,39
3409,39
3410,39
3411,39
3412,39
3413,39
3414,39
3415,39
3416,39
3417,39
3418,39
3419,39
3420,39
3421,39
3422,39
3423,39
3424,39
3425,39
3426,39
3427,39
3428,39
3429,39
3430,39
3431,39
3432,39
3433,39
3434,39
3435,39
3436,39
3437,39
3438,39
3439,39
3440,39
3441,39
3442,39
3443,39
3444,39
3445,39
3446,39
3447,39
3448,39
3449,39
3450,39
3451,39
3452,39
3453,39
3454,39
3455,39
3456,39
3457,39
3458,39
3459,39
3460,39
3461,39
3462,39
3463,39
3464,39
3465,39
3466,39
3467,39
3468,39
3469,39
3470,39
3471,39
3472,39
3473,39
3474,39
3475,39
3476,39
3477,39
3478,39
3479,39
3480,39
3481,39
3482,39
3483,39
3484,39
3485,39
3486,39
3487,39
3488,39
3489,39
3490,39
3491,39
3492,39
3493,39
3494,39
3495,39
3496,39
3497,39
3498,39
3499,39
3500,39
3501,39
3502,39
3503,39
3504,39
3505,39
3506,39
3507,39
3508,39
3509,39
3510,39
3511,39
3512,39
3513,39
3514,39
3515,39
3516,39
3517,39
3518,39
3519,39
3520,39
3521,39
3522,39
3523,39
3524,39
3525,39
3526,39
3527,39
3528,39
3529,39
3530,39
3531,39
3532,39
3533,39
3534,39
3535,39
3536,39
3537,39
3538,39
3539,39
3540,39
3541,39
3542,39
3543,39
3544,39
3545,39
3546,39
3547,39
3548,39
3549,39
3550,39
3551,39
3552,39
3553,39
3554,39
3555,39
3556,39
3557,39
3558,39
3559,39
3560,39
3561,39
3562,39
3563,39
3564,39
3565,39
3566,39
3567,39
3568,39
3569,39
3570,39
3571,39
3572,39
3573,39
3574,39
3575,39
3576,39
3577,39
3578,39
3579,39
3580,39
3581,39
3582,39
3583,39
3584,39
3585,39
3586,39
3587,39
3588,39
3589,39
3590,39
3591,39
3592,39
3593,39
3594,39
3595,39
3596,39
3597,39
3598,39
3599,39
3600,39
3601,39
3602,39
3603,39
3604,39
3605,39
3606,39
3607,39
3608,39
3609,39
3610,39
3611,39
3612,39
3613,39
3614,39
3615,39
3616,39
3617,39
3618,39
3619,39
3620,39
3621,39
3622,39
3623,39
3624,39
3625,39
3626,39
3627,39
3628,39
3629,39
3630,39
3631,39
3632,39
3633,39
3634,39
3635,39
3636,39
3637,39
3638,39
3639,39
3640,39
3641,39
3642,39
3643,39
3644,39
3645,39
3646,39
3647,39
3648,39
3649,39
3650,39
3651,39
3652,39
3653,39
3654,39
3655,39
3656,39
3657,39
3658,39
3659,39
3660,39
3661,39
3662,39
3663,39
3664,39
3665,39
3666,39
3667,39
3668,39
3669,39
3670,39
3671,39
3672,39
3673,39
3674,39
3675,39
3676,39
3677,39
3678,39
3679,39
3680,39
3681,39
3682,39
3683,39
3684,39
3685,39
3686,39
3687,39
3688,39
3689,39
3690,39
3691,39
3692,39
3693,39
3694,39
3695,39
3696,39
3697,39
3698,39
3699,39
3700,39
3701,39
3702,39
3703,39
3704,39
3705,39
3706,39
3707,39
3708,39
3709,39
3710,39
3711,39
3712,39
3713,39
3714,39
3715,39
3716,39
3717,39
3718,39
3719,39
3720,39
3721,39
3722,39
3723,39
3724,39
3725,39
3726,39
3727,39
3728,39
3729,39
3730,39
3731,39
3732,39
3733,39
3734,39
3735,39
3736,39
3737,39
3738,39
3739,39
3740,39
3741,39
3742,39
3743,39
3744,39
3745,39
3746,39
3747,39
3748,39
3749,39
3750,39
3751,39
3752,39
3753,39
3754,39
3755,39
3756,39
3757,39
3758,39
3759,39
3760,39
3761,39
3762,39
3763,39
3764,39
3765,39
3766,39
3767,39
3768,39
3769,39
3770,39
3771,39
3772,39
3773,39
3774,39
3775,39
3776,39
3777,39
3778,39
3779,39
3780,39
3781,39
3782,39
3783,39
3784,39
3785,39
3786,39
3787,39
3788,39
3789,39
3790,39
3791,39
3792,39
3793,39
3794,39
3795,39
3796,39
3797,39
3798,39
3799,39
3800,39
3801,39
3802,39
3803,39
3804,39
3805,39
3806,39
3807,39
3808,39
3809,39
3810,39
3811,39
3812,39
3813,39
3814,39
3815,39
3816,39
3817,39
3818,39
3819,39
3820,39
3821,39
3822,39
3823,39
3824,39
3825,39
3826,39
3827,39
3828,39
3829,39
3830,39
3831,39
3832,39
3833,39
3834,39
3835,39
3836,39
3837,39
3838,39
3839,39
3840,39
3841,39
3842,39
3843,39
3844,39
3845,39
3846,39
3847,39
3848,39
3849,39
3850,39
3851,39
3852,39
3853,39
3854,39
3855,39
3856,39
3857,39
3858,39
3859,39
3860,39
3861,39
3862,39
3863,39
3864,39
3865,39
3866,39
3867,39
3868,39
3869,39
3870,39
3871,39
3872,39
3873,39
3874,39
3875,39
3876,39
3877,39
3878,39
3879,39
3880,39
3881,39
3882,39
3883,39
3884,39
3885,39
3886,39
3887,39
3888,39
3889,39
3890,39
3891,39
3892,39
3893,39
3894,39
3895,39
3896,39
3897,39
3898,39
3899,39
3900,39
3901,39
3902,39
3903,39
3904,39
3905,39
3906,39
3907,39
3908,39
3909,39
3910,39
3911,39
3912,39
3913,39
3914,39
3915,39
3916,39
3917,39
3918,39
3919,39
3920,39
3921,39
3922,39
3923,39
3924,39
3925,39
3926,39
3927,39
3928,39
3929,39
3930,39
3931,39
3932,39
3933,39
3934,39
3935,39
3936,39
3937,39
3938,39
3939,39
3940,39
3941,39
3942,39
3943,39
3944,39
3945,39
3946,39
3947,39
3948,39
3949,39
3950,39
3951,39
3952,39
3953,39
3954,39
3955,39
3956,39
3957,39
3958,39
3959,39
3960,39
3961,39
3962,39
3963,39
3964,39
3965,39
3966,39
3967,39
3968,39
3969,39
3970,39
3971,39
3972,39
3973,39
3974,39
3975,39
3976,39
3977,39
3978,39
3979,39
3980,39
3981,39
3982,39
3983,39
3984,39
3985,39
3986,39
3987,39
3988,39
3989,39
3990,39
3991,39
3992,39
3993,39
3994,39
3995,39
3996,39
3997,39
3998,39
3999,39
4000,39
4001,39
4002,39
4003,39
4004,39
4005,39
4006,39
4007,39
4008,39
4009,39
4010,39
4011,39
